{
    "loss": 0.9509453177452087,
    "accuracy": 0.5911111235618591
}