{
    "loss": 1.3082479238510132,
    "accuracy": 0.5111111402511597
}