{
    "loss": 47.185482025146484,
    "accuracy": 0.18730159103870392
}