{
    "loss": 81.42288208007812,
    "accuracy": 0.380952388048172
}